IGDB ID,Game,Torrent Candidates
238286,Ro,9408
106762,Green,9388
373373,Eva,9345
180216,A,9083
317902,Chase,9038
265841,The Hunt,8772
283134,Seven,8702
76217,Doom,7242
364085,Farm,5974
147092,Valentina,5942
328533,Farm,5829
186939,Nature,5422
280325,Avenger,5050
188203,Bomb,4834
378279,Samu,4392
188162,Shadows,4381
152248,Together,3740
152514,Side B,3574
95027,Garage,2600
88295,Bubble,2595
187865,Crush Crush,2483
183081,Chop,2403
371452,Harmony,2305
393624,Penguin,2059
313139,Bizarre,2025
270474,Wings,1762
202774,Accident,1651
390480,Soccer,1540
244826,Hush Hush,1538
283718,Swingers,1517
210090,Impossible Mission,1500
82527,Tennis,1482
409376,Roots,1457
417861,Toro 2,1257
178331,Violet and...,1194
328714,Bounce,1149
283155,Airport,1136
181631,Home Sweet Home,1102
159396,Closer,1087
306534,Shogun,923
178798,20 Ladies,860
131531,Basketball,854
221432,Moonlight,816
231780,Golf,812
200761,Gemini,805
199809,Nirvana,784
411137,Hunted,756
103267,Parallel,749
85507,Black Hole,637
84924,Black Hole,637
103268,Otto,634
362343,Climb,632
332342,Summer Love,625
194253,The Wake,625
267209,Bingo,624
330604,Exodus,624
402572,Fish In,610
294851,The Brazil,599
409695,Another Day?,579
328482,Superstore,579
399603,Firework,566
272491,Mortal Kombat 1,519
271266,Special Ops,514
207905,Sine,504
297296,Fight Club,500
401130,Little Things,497
187826,Ships,468
147772,The Last Days,466
125738,Ships,465
147571,Truck Simulator,451
187313,Drums,450
135652,Him & Her,432
412946,Captive,427
147900,Roulette,412
399655,Party Pool,409
124009,Day and Night,398
304766,Break It,391
268479,Battle Sea,385
251048,Slasher,365
210433,In Between,356
147994,Gold Digger,349
386783,Nyan Nyan Nyan Nyan Nyan,334
278664,Stone Age,334
420668,My Mart,331
309035,Music Box,325
196848,In the Mood,323
407103,The Magic School,323
207997,Pet Rock,319
410092,Castaway,317
288316,Trom,306
328486,Space Battle,302
395220,Bun Buns,301
159016,Truck Simulator 2,290
231223,Words in Word,285
411146,Pet World,281
275040,Burnout,268
414883,Courier,264
186936,American Man,259
406802,The Towers,253
379357,Black Blood,248
187316,Composer,242
102053,Never Stop,240
147923,Battleground,239
215316,The Vampires,239
370794,Combat Zone,236
196316,Robo Wars,234
37034,The Elder Scrolls V: Skyrim,231
262622,Bust Up,228
187621,Magical Girls,223
147934,Pandemic,222
322115,Forbidden Love,209
310451,How to Draw,202
173134,Splatter,197
347300,Squares,177
417915,Rhythm Flow,174
187454,Wax Museum,166
332351,Jump You+,157
320443,Miyamoto,156
240453,FIFA 19,147
317551,Doll Dress Up,146
87228,Classic Games,144
147895,Monkey Business,144
229246,Super Mario Galaxy,138
285350,Your Majesty,137
350847,Train Plus,133
225890,Pid,132
316133,Alter Ego S,131
86266,Billiard,131
231069,Truck Simulator 3,131
94116,The Golf,130
117963,The Knight & the Dragon,130
92685,Ushiro,130
353591,Myst House,119
387246,Long Run 2,117
283144,Isolated,115
119441,World Soccer,114
220880,Super Dino,112
366756,Band Girls,110
146973,Otherworldly,108
251548,Hentai Girls,107
127303,Sports Story,107
244074,Birdie Wing: Golf Girls' Story,105
135651,Pack Master,103
283232,They Know,102
303866,Boing Boing,101
280323,Granada,101
145788,Night Vision,100
240452,FIFA 18,99
231210,Snake Game,98
420666,Naughty Baby,97
175009,Puzzle 9,94
93975,The Table Game,93
342406,Hit Back,90
342424,Love at First Sight,90
393045,Elf Girls,89
411138,Zombie War,89
279336,Bayonetta 2,88
198108,Star Wars: The Force Unleashed,86
303868,Lesson Learned,84
251490,Hentai World,82
147663,AXS,81
267493,Slots Casino Game,80
74285,Membrane,79
300879,A Simple Life,77
254645,Bruxa,77
370817,Hidden Legends,77
386771,Sudoku,77
231062,Warp 7,77
417903,War the Knights,75
187361,Balloon Pop,73
172844,Balloon Pop,73
360224,Bunny Girls,73
405908,Hidden Legends 2,73
231046,Dragon Fury,71
231057,Heaven's Door,70
186571,Sky Games,69
124065,Swallow Up,69
57883,Ding Dong,68
210428,Go Vacation,67
411148,Be Kind Rewind,66
180980,Him & Her 3,66
57142,Gal Metal,62
334997,Scarlet Snow,62
96246,Yo-kai Watch 4,62
244818,Project Dark,59
26766,Xenoblade Chronicles 2,58
409481,Dragon Soul,57
349579,Cornhole,56
417882,Cat Adventure,55
296237,Party Games,55
72197,Air Battle,54
395641,Fight Girls,54
317548,Hot & Hentai,53
342330,A Blind Spot,52
300782,Finger Suck,52
131962,Good Job!,52
386176,Battle Force,51
163171,Cat Milk,51
192043,Let it Roll 2,49
312045,Moonshot,48
346357,Slice of Life,48
147493,Tower Inferno,47
152369,Worth Life,47
305983,Ballz,46
413367,Mystery Box,46
219384,Car Mats,44
229245,Super Mario 64,44
412569,Important things,43
409514,Strike Pack,43
151603,Hero Pop,42
133653,Puzzle Book,42
76888,Bayonetta 3,41
105409,Beat Rush,41
152756,Criss Cross,40
26845,Fire Emblem: Three Houses,40
371250,War Survival,40
93428,Sentry,39
420646,Rhythm Roll,38
159397,Sound Waves,38
241533,Steal It,38
218973,Game of Dragons,37
146878,Park Inc,37
115335,Pet Care,37
256027,Robot vs.,37
125750,Tennis Go,36
231077,Zombie Survival,36
301005,I am Titan,35
334088,Kawaii Girls,35
354180,Monster City,34
232989,Through the Years,34
74349,Tower of Babel,34
399614,Arcade Pack,33
409543,Max Speed,33
224910,Brain Memory,32
147673,Fly the Bird,32
283143,Kubic,32
100877,Color Road,31
330403,Light Guardian,31
188104,Monster Rescue,31
402565,One Man Army,31
187507,Space Wars,31
345975,Special Strike,31
385120,Christmas Holidays,30
231023,Legion of Doom,29
187863,Magic Code,28
146220,Space Warrior,28
349571,Evel Knievel,27
323099,Real Hentai,26
122443,Summer Sweetheart,26
88618,Air Hockey,25
404526,Battle Strike,24
262487,Bounce House,24
199181,Connecto,24
410377,Dead Echo,24
323691,Fantasy Sword,24
276128,Inertia 2,24
201256,Puzzle Collection,24
126201,Rally Road,24
148170,Skittles,24
323114,Tank vs. Tank,24
146947,The Snake King,24
243325,Tormentor,24
232565,2 in 1 Workout,23
198328,Space Genesis,23
147487,War Titans,23
142308,Writhe,23
412348,Down Pit,22
186954,Love Pop!,22
222399,Run Box Run,22
319323,Alice's Adventures in Wonderland,21
411140,Cute Animals,21
150196,Neko Min,21
206766,Tom Thumb,21
241526,9 R.I.P.,20
300776,Bomb Cat,20
409287,Seishin,20
396092,Counter Attack,19
376754,Cyber Girls,19
308516,Hentai Academy,19
191408,Nintendo Switch Sports,19
192281,Seven Pirates H,19
26775,Shin Megami Tensei V,19
291660,Western Frontier,19
283135,Negligee,18
147960,Super Tennis,18
409683,SuperDog,18
119388,The Legend of Zelda: Tears of the Kingdom,18
284784,Town Adventures,18
362360,Truck Driving,18
394736,Who is Here?,18
362197,Cross Pix,17
376759,Dream Animal,17
323103,I Think You Can,17
226783,Kids Box,17
142530,Olympic Table Tennis,17
287040,Project Roll,17
319768,The Escapee,17
315831,FlipBook,16
186704,Go Minimal,16
223744,Mission Commando,16
103339,Super Mario Party,16
322529,Air Hunter,15
393042,Counter Force,15
280069,Fashion World,15
142690,Jiffy,15
57447,Mujo,15
370819,Only Go Up 2,15
399790,Sports Games,15
229177,Super Mario Sunshine,15
90101,Super Smash Bros. Ultimate,15
306512,At Your Feet,14
147918,Bunny Adventure,14
394564,Escape From Duck,14
103371,Fitness Boxing,14
238118,Galaxy Revo 2,14
71594,Party Planet,14
254335,Pikmin 2,14
192061,Space Party,14
378786,The Bee Hive,14
147584,The Game is ON,14
142694,The Game is ON,14
394556,The Knights of the Cross,14
96202,The Way Remastered,14
135634,City Driving Simulator,13
154588,Egg Up,13
217550,Fire Emblem Engage,13
410384,Ghost Strike,13
271269,High Cars,13
294238,Melt Down,13
334667,Tiebreak+,13
196822,West Water,13
147574,Break Dot,12
317027,Jump Ball,12
147850,Multi Quiz,12
254334,Pikmin 1,12
225877,Pocket Pool,12
198069,Rolling Car,12
146801,Rolling Sky 2,12
221083,Snowballs,12
403711,Take Me To The Dungeon!!,12
417910,Taxi Life Simulator,12
345981,The Lost Garden,12
409474,A Little Horror Story,11
195486,Axolotl,11
312046,Bullet Time,11
417881,Color Lines,11
147717,Death Race 2020,11
91839,Gem Miner,11
196874,If My Heart Had Wings,11
397869,Inside The Backrooms,11
136834,Omega Vampire,11
37382,Pokémon Sword,11
323696,Pool Fever,11
414238,Project City,11
328489,Robo Rescue,11
26761,Splatoon 2,11
313222,Survivor Heroes,11
147947,The Legend of Ninja,11
84459,The Mahjong,11
300778,Cat Piano,10
308999,City Bus Simulator,10
338004,Cozy Hunt,10
96425,Cyber Fight,10
194916,Cyber Fight,10
389063,Leo And Tig,10
394998,Prison Run,10
342458,Special Warfare,10
110057,Sports Party,10
420649,Swing Shift,10
147266,Yum Yum Line,10
251051,Angel Symphony,9
231047,Back to Brother,9
402296,Ball Rush 3,9
186556,Barbero,9
246609,Dormitory Love,9
295475,Football Cup 2024,9
370807,From Cheese,9
356969,Hotel Simulator,9
300870,Life Bubble,9
81145,Mario Tennis Aces,9
222394,Metal Ninja,9
372041,Peak Climb,9
397722,Perfect City,9
115653,Pokémon Shield,9
86650,Pool Billiard,9
375133,Special Combat,9
151597,Squabble,9
410406,Steam Girls,9
117977,Twist & Match,9
147887,3D MiniGolf,8
122465,Battle & Crash,8
310460,Bot Shot,8
349601,Bubble Trouble 3,8
363970,Cross Pix 2,8
241412,Cute and Creepy,8
395639,Dig Out: Prison Escape Simulator,8
152402,DoDonPachi Resurrection,8
276130,Draw and Color,8
351227,Duo Games,8
218724,Forest Pop,8
124020,Garage Mechanic Simulator,8
320666,Hentai Waifu,8
102747,Mecha Storm,8
188161,Motorcycle Mechanic Simulator,8
152398,Mushihimesama,8
255527,Puzzle Girls,8
242017,Quiz 4 All,8
330225,Real Hentai 4,8
399787,Robo Hop,8
353588,Shopkeeper Simulator,8
136076,Star Wars Pinball,8
233863,Street Racers,8
254327,Super Mario RPG,8
351233,Super Sucker,8
231696,Switch Sides,8
210261,Swords & Soldiers,8
372492,Synth Riders,8
413562,The Final Scene,8
236813,Advance Wars,7
323702,Block Jam,7
328553,Box Chaos,7
283154,Cat Simulator,7
164764,City Driving Simulator 2,7
356976,Combat Strike,7
308641,Escape from the Tower,7
389056,Frost Vale,7
262366,Hentai Project,7
370816,Inc: The Beginning,7
396109,Joy Piano,7
342444,Pool With Me,7
147666,Shinobi Blade,7
69902,Smash Out,7
223520,Survive & Craft,7
370799,Torched,7
290421,Trading Simulator,7
396909,Viking Farm,7
191411,Xenoblade Chronicles 3,7
397871,Angel Rhapsody,6
186935,Biker Garage: Mechanic Simulator,6
349577,Cat Tricks,6
350861,Crayon Dino,6
85576,Donkey Kong Country: Tropical Freeze,6
308663,Ecchi Time,6
283290,Escape From The Island,6
415058,Feed Them,6
260053,Fun Chess,6
120139,Home Escape,6
193536,Lover Pretend,6
240222,Midnight Drifter,6
144054,Pokémon Legends: Arceus,6
350285,Pro Roulette,6
345672,Project Zombie,6
145691,Radiant Tale,6
122361,Run the Fan,6
109596,Sega Ages Phantasy Star,6
270472,Shadows of Truth,6
389378,Smash Out 2,6
394741,Street Soccer,6
106849,Tied Together,6
109281,TowerFall,6
225895,War of Ships,6
122238,Xenoblade Chronicles: Definitive Edition,6
324211,Aerofly FS Flight Simulator,5
104424,Air Mail,5
109462,Animal Crossing: New Horizons,5
118743,Bleed 2: Deluxe Edition,5
143849,Blood Breed,5
294840,Bubble Bunny,5
69014,Castle of Heart,5
417271,Caught You Looking,5
323701,Chernobylite: Complete Edition,5
231050,Chubby Cat 2,5
187618,Classic Solitaire,5
373963,Coloree,5
378039,Combat Forces,5
328545,Cowboys vs. Zombies,5
343724,Cozy Winter,5
221433,Crystal Goddess,5
117936,Dawn of Survivors,5
345694,Dreamy Hill,5
310438,Find The Cat,5
27505,Flip Wars,5
283725,Goo Fighter,5
334099,Lost Oasis,5
219289,Mermaid Story,5
391865,Modern Attack,5
112080,Ninja Box,5
133923,Paper Mario: The Origami King,5
188094,Parking Simulator,5
376760,Picnic Girls,5
147712,Press “A” to Party,5
255498,Rifter,5
159014,Scribbled,5
414440,Shape Wars,5
417269,Smash Cat,5
147097,Sweets Swap,5
345703,The Outer Reaches,5
404537,To Bee Jazz,5
280626,Trash Punk,5
259534,Witch's Garden,5
147946,Arcaea,4
293370,Brain Memory 2,4
300777,Bruce and Box,4
365560,Cash Laundry Simulator,4
212635,Celestian Tales,4
370965,Cross Pix 4,4
178777,Crossroad Crash,4
365541,Dead Charge,4
218390,Devil May Cry 3: Dante's Awakening - Special Edition,4
269371,Elder Story,4
142814,Family Trainer,4
122536,Farm Mystery,4
411570,Farming Homestead,4
186957,Football Run,4
146683,Frozen Friends,4
14089,Gateway to Hell,4
125717,Go! Fish Go!,4
288302,Helicopter Simulator: Rescue Sim,4
295692,Hentai Girls Puzzle,4
261347,Hentai Stars,4
395315,Horror Park,4
103343,Hyper Sports R,4
108255,Instant Tennis,4
266674,Mario vs. Donkey Kong,4
183617,Master Detective Archives: Rain Code,4
243850,Neon Cop,4
290422,Pipe Connect,4
362359,Rise of Rana,4
93661,Super Chariot,4
115276,Super Mario Maker 2,4
399602,Supermarket Simulator 2026,4
284498,Tail io,4
196189,Tile Flip,4
188097,Trigonal,4
124121,World of Riders,4
220899,World War Z: Deluxe Edition,4
374832,Amakano,3
192031,Ancient Islands,3
362184,Around the World Puzzle,3
401106,Asphalt Paver,3
115283,Astral Chain,3
409375,Bacterium,3
166676,Beat Them All,3
417883,Block Shop,3
328554,Bonk!,3
220870,Bunker Life,3
196179,Car Driver Ultimate,3
289374,Cat Survivors,3
80111,Classic Games Collection Vol. 1,3
324419,Coffee Pack,3
370804,Craft Your Way,3
407265,Crayon Jungle,3
143544,Crazy Oce,3
359533,Cyber AI Defense,3
291651,Darkness and Flame,3
124010,Deathstate : Abyssal Edition,3
119568,Demolition Crew,3
159393,Driving School Sim,3
410826,Driving School Sim,3
291652,Ecchi Paradise,3
259526,Fate/Samurai Remnant: Digital Deluxe Edition,3
389043,Fishing Pro Simulator,3
187243,Football Battle,3
146688,Four in a Row,3
185710,Gal Gun: Double Peace,3
309029,Galaxy Mania,3
97566,Go All Out!,3
223562,H1.Jack,3
147862,Hamster Bob,3
120278,Hatsune Miku: Project Diva Mega Mix,3
336419,Hentai Girls: Sexy Sakura,3
324451,Hentai Waifu 2,3
192056,Hidden Theft,3
138343,Hyrule Warriors: Age of Calamity,3
329444,Idol Symphony,3
413560,Inside the Cube,3
53247,Joe Dever's Lone Wolf,3
342416,Kebab Simulator 2025,3
172427,Kirby and the Forgotten Land,3
37137,Kirby Star Allies,3
212631,Kofi Quest,3
241888,Labyrinth Runner,3
116126,Little Shopping,3
109455,Luigi's Mansion 3,3
353581,Miko Girls,3
148355,Mini Car Racing,3
121156,Not Tonight: Take Back Control Edition,3
222494,Order Land,3
214545,Paddles,3
193535,Paradigm Paradox,3
245895,Racing in Car,3
358648,Re:Play,3
147721,Real Driving Sim,3
306533,Retro Battle,3
147902,Retro Game Pack,3
147992,Road 3 Pack,3
317904,Romance of The Three Kingdoms 8 Remake: Digital Deluxe Edition,3
250557,Round People,3
409557,Royal Pit,3
209344,Sakura Fantasy,3
204868,Sakura Spirit,3
420726,Save The President,3
117158,Sega Ages Fantasy Zone,3
83466,Spider Solitaire,3
317065,Starlink: Battle for Atlas,3
147621,Stencil Art,3
342241,Story of Seasons: Grand Bazaar - Digital Deluxe Edition,3
117301,Street Basketball,3
395000,Stunt Race,3
201721,Supaplex,3
283721,Sweets Drop,3
187465,Swing Saga,3
147599,Tengam,3
147567,Tiny Racer,3
392622,Trials of Olympus,3
147848,Truck Mechanic Simulator,3
371430,Turn it!,3
194750,Valis: The Fantasm Soldier,3
278478,Valis: The Fantasm Soldier,3
278476,Valis: The Fantasm Soldier,3
362190,Warrior Survivor,3
300827,World War: Battle of the Bulge,3
196173,Worm Run,3
287116,3D Printer: PrintMaster Simulator,2
194918,8 Ball Clash,2
257269,9 R.I.P.: Special Edition,2
167810,Active Life Outdoor Challenge,2
417884,Aetherfall,2
409475,Alice and the Looking-Glass,2
319329,Animal Kung Fu,2
266696,Another Code: R - A Journey into Lost Memories,2
362352,Autumn Isle,2
317563,Backrooms Horror Escape,2
123989,Ball Attraction,2
319325,Bambi: A Life in the Woods,2
238332,Batman: The Enemy Within - Shadows Edition,2
228528,Bayonetta Origins: Cereza and the Lost Demon,2
203701,Bike Jump,2
146849,Bounce Mania,2
121708,Bubble Bobble 4 Friends,2
389047,Build A Queen,2
378951,Bullet Strike,2
100489,Cast of the Seven Godsends,2
147775,Checkers Master,2
381799,Clothing Store Simulator,2
395637,Clothing Store Simulator,2
385119,Clover Cove,2
411737,Conquest: Global Domination,2
188200,Cooking Star Restaurant,2
129486,Cosmonauta,2
350281,Cozy Cove,2
365542,Creepy Person,2
148566,Dancing Dreamer,2
350837,Dark Dolls,2
147076,Dark Water: Slime Invader,2
287037,Darts Club,2
406068,Dead End Escape,2
417894,Deep miner,2
332332,Distant Woods,2
378953,Dive Expedition,2
242667,DNF Duel: Who's Next,2
373407,Double Dragon Revive: Deluxe Edition,2
231578,Drift & Drive,2
54018,Family Vacation: California,2
336770,Fantasy Jigsaw Puzzle,2
26816,Fast RMX,2
389055,Find the Four-Leaf Clover,2
147858,Forestry: The Simulation,2
283289,Found it!,2
246200,Funny Sunny,2
178786,Handpan,2
86771,Happy Birthdays,2
142305,Hed the Pig,2
147743,Hell Sports,2
330232,Hentai Waifu 4,2
414881,Hotel Tycoon,2
220879,I-Chu,2
221442,Ikinari Maou,2
343716,Jamjam,2
396873,Killer Toys,2
129948,Kitty Maestro,2
164611,Links Puzzle,2
374894,Lost Howl,2
397727,"Lost Lands: Stories About the Sorceress, the Prince and the Minotaur",2
411446,Mai: Child of Ages - Storms of Time,2
172859,Mandalas,2
188069,Mania Fish,2
192349,Marble Maid,2
306137,Mario & Luigi: Brothership,2
226324,Martial Knight,2
54209,Mary Kay Andrews: The Fixer Upper,2
186703,Math Gym,2
323102,Me and Gamer Girl,2
407099,Minesweeper Pro,2
199890,Monster Hunter Rise: Sunbreak - Deluxe Edition,2
385089,Moto Championship 26,2
381800,My Little Haven,2
417924,Mystery Detective Adventure 2,2
106288,Nintendo Labo: Toy-Con 03 - Vehicle Kit,2
220916,Omega Labyrinth Life: Deluxe Edition,2
53435,Outbreak: Deluxe Edition,2
266690,Paper Mario: The Thousand-Year Door,2
402298,Pick & Place,2
280072,Piyokoro,2
286199,Pocket Fishing,2
102873,"Pokémon: Let's Go, Eevee!",2
146992,Poly Puzzle,2
266058,Princess Bubble Story,2
84806,Project Fist,2
420722,Quantum Defense,2
113422,Rad Rodgers: Radical Edition,2
275682,Radio Cars,2
215117,Ramp Bike Jumping,2
147852,Ramp Car Jumping,2
389071,Ready or Die,2
126485,Rescue Tale,2
271928,Revenge of Banana,2
119516,Robot Squad Simulator,2
420725,Scary Ring,2
113379,Sega Ages Puyo Puyo,2
113380,Sega Ages: Puyo Puyo 2,2
109270,Sega Ages: Space Harrier,2
245017,Sheep in Love,2
342455,Silent Mist,2
301167,Slide Puzzle,2
420727,Soup Weather,2
343520,Story of Seasons: Grand Bazaar - Super Digital Deluxe Edition,2
385076,Sun Meadow,2
203712,Super Hero Driving School,2
207875,Super Hero Flying School,2
138235,Super Mario Bros. 35,2
254339,Super Mario Bros. Wonder,2
123458,Talk it Out,2
147625,Team Troopers,2
328087,The Bad Parents,2
285883,The jump guys,2
143614,The Legend of Zelda: Skyward Sword HD,2
125286,The Stretchers,2
147591,Tilt Pack,2
283219,Tiny Treasure Hunt,2
305589,Toilet Hero,2
340026,TongTong,2
289195,Twisty Pals,2
264559,TY the Tasmanian Tiger 4: Bush Rescue Returns,2
134783,Urban Trial Tricky,2
308488,Vac Attack,2
220895,Warriors Orochi 4 Ultimate: Deluxe Edition,2
118941,Warriors Orochi 4: Deluxe Edition,2
398383,Who tells your story,2
395314,Wonders Puzzle,2
120186,Woodle Tree 2: Deluxe,2
89152,World Conqueror X,2
304330,Xonix,2
262320,Xtreme Sports,2
37135,Yoshi's Crafted World,2
153556,#1 Crosswords,1
350841,3 Card Poker,1
112088,99Vidas: Definitive Edition,1
305572,A Fragile Mind,1
147759,Ace Strike,1
236815,Advance Wars 2: Black Hole Rising,1
377272,Aery: Peace of Mind 4,1
364086,Aery: Viking Saga,1
186938,Aliens Strike,1
324063,Amakano 2,1
165599,Angel's Punishment,1
399631,Angry Dog,1
113075,Animal Hunter Z,1
301511,Animal Hunting 3D,1
401999,Animal Puzzles,1
366661,Animals in the Forest,1
114205,Animated Jigsaws: Wild Animals,1
266694,Another Code: Two Memories,1
117926,Apocryph: an old-school shooter,1
285662,Art of Glide,1
332325,Art of Glide 3,1
395862,Astlibra Gaiden: The Cave of Phantom Mist,1
290439,Balloony,1
314875,Banana Tap,1
152887,BanG Dream! Girls Band Party! for Nintendo Switch,1
363653,Bangman,1
401104,Barbarous: Survivor's Quest,1
342213,Barista Coffee Simulator,1
411149,Bee With Gun,1
145094,Birushana: Rising Flower of Genpei,1
411571,Blast Dash,1
106661,Block Puzzle,1
384200,Brok Complete Bundle,1
392609,Bubble Shot,1
342350,Bubble Wizard II Saga,1
347318,Bubble Wizard III Saga,1
336413,Bubble Wizard Saga,1
120179,Bus Fix 2019,1
254077,Bus Tycoon Night and Day,1
420713,Canvas Puzzle,1
153835,Car Driving Simulator,1
122871,Car Mechanic Simulator: Pocket Edition,1
332312,Cashier Simulator,1
245987,Castle of the Underdogs,1
231042,Cats Puzzle,1
376224,Celestial Fall,1
387661,Chinami Holic,1
301174,Chocolate Factory Tycoon,1
367728,Chrono Ark: Deluxe Edition,1
413943,Circuit Flow,1
147606,City Bus Driving Simulator,1
219460,Classic Games Collection Vol.2,1
356970,Coffee Shop Simulator,1
147888,Comic Coloring Book,1
117934,Construction Machines Simulator,1
186578,Construction Site Driver,1
223568,Construction Site Driver 2,1
219304,Counter Crossline: Crime War,1
192065,Counter Delta: The Bullet Rain,1
211314,Counter Recon 2: The New War,1
147636,Counter Recon: The First Mission,1
335353,Cozy Meadow,1
385157,Crayon Animal,1
380704,Crayon Christmas,1
378793,Crayon Food,1
242590,Crime Busters: Strike Area,1
365545,Cross Pix 3,1
192039,Cue Sports,1
146751,Cupcake Match,1
223147,Daemonum,1
194216,Dead Synchronicity: Tomorrow Comes Today,1
60700,Deadlings,1
122906,Deadly Fighter 2,1
303321,Delivery Drop,1
119525,Desktop Baseball,1
125016,Desktop Rugby,1
147834,Desktop Volleyball,1
105059,Dies irae: Amantes Amentes for Nintendo Switch,1
347314,Dirt Trackin' 3,1
147635,Discmaster,1
241721,"Disney Classic Games: Aladdin, The Lion King and The Jungle Book",1
378792,Doki Monsters: Quest,1
336421,Doku Girls,1
96169,Don't Starve: Nintendo Switch Edition,1
401115,Dr. Psycho: Hospital Escape,1
147746,Drift Zone Arcade,1
411141,Drive Horizon Story,1
324209,Duckweed,1
159384,Dungeon of Crawl,1
212632,Dungeons 3: Nintendo Switch Edition,1
319321,Dungeons 4: Nintendo Switch Edition,1
323106,Ecchi Oppai,1
386792,Eden of Creation,1
328734,Eggconsole Zanac MSX,1
287856,Endless Ocean: Luminous,1
146416,Everyday Today's Menu for Emiya Family,1
388067,Fall Buddies,1
308636,Falling Number,1
154319,Fantasy Cards,1
409493,Farm Pro 26 Simulator,1
187825,Farmer's Dynasty: Deluxe Edition,1
236659,Fashion Dreamer,1
219306,Fashion Friends,1
44004,Fatal Fury First Contact,1
134128,FIFA 20: Legacy Edition,1
136335,FIFA 21: Legacy Edition,1
210455,FIFA 23: Legacy Edition,1
150261,Find 10 Differences,1
386186,Find Difference,1
191396,Fire Emblem Warriors: Three Hopes,1
172410,Fire Emblem: Shadow Dragon and the Blade of Light,1
138952,Fitness Boxing 2: Rhythm & Exercise,1
217551,Fitness Boxing Fist of the North Star,1
241103,Fitness Circuit,1
332349,Flames of Damnation,1
146215,Fly Together!,1
255500,Football Cup 2023,1
180977,Football Manager 2022 Touch,1
226336,Football Manager 2023 Touch,1
347323,Fortune's Favor,1
119924,Get Me Outta Here,1
343535,Ghost of Boarding School,1
146929,Ghost: Elisa Cameron,1
115300,Gigantic Army,1
363972,Glory to the Heroes,1
358668,Goosebumps: Terror in Little Creek - Frightmare Edition,1
302242,Greedy Snake,1
366765,Happy Umbrella,1
205225,Haunted Zombie School,1
356806,Haven: Deluxe Edition,1
294241,Heisting,1
290449,Hentai Anime Girls Succubus,1
283267,Hentai Girls: Office Romance,1
283177,Hentai Golf,1
378849,Hentai Portrait,1
234983,Hentai RPG: Isekai Journey,1
271861,Hentai Tales Vol. 1,1
93969,Hidden Objects Collection,1
402010,Hiddenius: Sorceress Journey,1
346007,Hololive Treasure Mountain MegaPack,1
401397,Honey Sprint,1
287169,Hopping Bunny,1
300659,Hotel Hustle,1
401145,House Cleaner Simulator,1
372043,Hydraulic Press,1
123331,Instant Sports,1
139969,Instant Sports Summer Games,1
144207,Instant Sports Tennis,1
397877,Jewel Match Solitaire X,1
283274,Jigsaw Pets,1
116637,Junk Planet,1
138196,Jurassic World Evolution: Complete Edition,1
124025,Just Black Jack,1
210437,King of Fighters R-2,1
209094,Kirby's Dream Buffet,1
292361,Korean Rail Driving Tour: LRT Uijeongbu,1
343512,Laundry Simulator 2025,1
274463,Letters to Heaven,1
130042,Lines XL,1
124023,Little Racer,1
212273,Logic Pic,1
305565,Love Elysium: Secret of the Goddess,1
111455,Luke & Rebecca,1
409547,Machine of Madness,1
320444,Mall Manager,1
28414,Mario + Rabbids Kingdom Battle,1
143609,Mario Golf: Super Rush,1
152354,Mario Party Superstars,1
257240,Metal Storm X,1
15698,Metroid Dread,1
329426,Mini Market Design,1
420719,Modern Forces,1
114481,Monkey Wall,1
212628,Monster destroyer,1
187308,NASCAR Heat 5: Ultimate Edition+,1
210512,NASCAR: Rivals,1
396111,Nature's Question,1
256066,Needy Princess Nerd Club,1
330203,Neptunia Riders vs. Dogoos: Deluxe Edition,1
365553,Nicktoons & The Dice of Destiny: Deluxe Edition,1
194215,Ninja Shodown,1
308505,Offroad Truck Simulator,1
378857,One Piece: Pirate Warriors 4 - Legendary Edition,1
303871,Operation Scorpion: Take Down,1
151783,Our After School Playzone,1
199106,Our Ninja World,1
378858,Ozymandias: Complete Edition,1
404533,P.I.S. File,1
358611,Palland,1
417921,Parables of Jesus,1
378825,Parcel Push,1
226320,Parents vs. Kids,1
125055,Party Treats,1
237861,Persona 5 Strikers: Digital Deluxe Edition,1
68334,Picross S,1
266419,Picross S+,1
356526,Picture Treasure Hunt,1
172549,Pipe Fitter,1
220876,Pixel Artist,1
223521,Pixel Paint,1
144051,Pokémon Brilliant Diamond,1
144052,Pokémon Shining Pearl,1
25877,"Pokémon: Let's Go, Pikachu!",1
393765,Police Girls,1
173139,Pool: 8 Ball Billiards,1
147710,Pop the Bubbles,1
305586,Princess Dress Up,1
350283,Pro Blackjack,1
324128,Pro Flight Simulator: Deluxe,1
400169,Protocol: Annihilation,1
169543,Push-Ups Workout,1
122246,Puzzle Quest: The Legend Returns,1
27239,Rayman Legends: Definitive Edition,1
274521,Razor Wire,1
409559,Retro Asylum,1
337031,Rhythm Heaven Groove,1
339264,Ridge Racer 8,1
146155,Risk: The Game of Global Domination,1
370795,"Run Chicken, Run!",1
199842,Rune Factory 5: Digital Deluxe Edition,1
75959,RXN: Raijin,1
126199,Réussir: Code de la Route,1
129514,Sea King Hunter,1
172847,Sealed Bite,1
110062,Sega Ages Virtua Racing,1
110058,Sega Ages: Gain Ground,1
396865,Serena Hanazono’s Lost Item: Sweet Memory,1
238340,Shin Megami Tensei V: Digital Deluxe Edition,1
405382,Silent Raid,1
94020,Skee-Ball,1
399788,Sky Meadow,1
147651,Slash Ninja,1
276956,Snap Together,1
147648,Solar Blast,1
147883,Solitaire Card Games,1
237763,"Sora no Tsukurikata: Under the Same Sky, Over the Rainbow",1
187468,Space Stella: The Unknown Planet,1
119541,Spell Casting: Purrfectly Portable Edition,1
233865,Sport & Fun: Swimming,1
378285,Spot the Cat,1
148572,Spy Alarm,1
395211,Spy Guy Europe,1
312070,Stick Guys,1
207888,Sticks Collection,1
302244,Sticky Hands,1
414227,Street Food Simulator,1
319299,Submarine Bubble,1
55174,Super Beat Sports,1
306148,Super Mario Party Jamboree,1
147779,Super Meatball,1
416069,Supermarket Electronic,1
337980,Supermarket Simulator 2025,1
345970,Supermarket Simulator 2025,1
376774,Supermarket Simulator 25,1
413958,Survival Legion,1
54416,Sushi Bar Express,1
152428,Sweet Sugar Candy,1
257712,Sword of Glory,1
317234,Synth Ark,1
142698,Tadpole Treble Encore,1
192028,Take Off: The Flight Simulator,1
289724,Taser Gun,1
195522,Tengoku Struggle: Strayside,1
385074,Tenshi no Uta: The Angel Verse II - The Fallen Angel,1
109491,"THE Card: Poker, Texas hold 'em, Blackjack and Page One",1
126074,The Demon Crystal,1
210443,The Last Blade: Beyond the Destiny,1
45137,The Legend of Zelda: Breath of the Wild - Master Edition,1
386377,The Lost Block,1
242586,The Ripper: Serial Killers,1
275888,The Smurfs: Colorful Stories,1
275887,The Smurfs: Learn and Play,1
117666,Theatre Tales,1
343706,Tiebreak+: Ace Edition,1
314876,Tiles Match,1
401562,Tiny Crown,1
119538,Tiny Derby,1
147580,Titan Glory,1
122231,Tokyo Mirage Sessions #FE Encore,1
409506,Tolem,1
337036,Tomodachi Life: Living the Dream,1
187455,Top Bike: Racing & Moto Drag,1
382783,Toshishita Kanojo,1
131922,Touhou Spell Bubble,1
129190,Tower of Babel: No Mercy,1
277916,Towers Watch,1
220919,Townsmen: A Kingdom Rebuilt - Complete Edition,1
324995,Trade Em Up: TCG Empire Shop,1
375136,Train Delux 2026 Kurakyu,1
89056,Train Driver Simulator,1
61113,Trouserheart,1
313227,Underground Station,1
308489,Urban Warfare: Assault,1
196190,Valis III,1
147469,Visit Once,1
126482,Voxel Galaxy,1
356967,Waffle Kitty,1
290460,Warrior Escape,1
386140,Weekend Solitaire: Voyage,1
238162,West of Dead: Path of the Crow Deluxe Edition,1
195484,Wizard Mike,1
300908,Word Guess,1
251049,World War: Combat Guardian,1
275042,World War: D-Day Part One,1
278663,World War: D-Day Part Two,1
316236,World War: Fury Wave,1
192082,World War: Tank Battle,1
159242,Yu-Gi-Oh! Rush Duel: Dawn of the Battle Royale,1
147435,Zeus Quest Remastered,1
329423,Zombie Blitz,1
159017,Zoo Dentist,1
148084,Zumatch,1
176111,Zumba Aqua,1
121223,Zumba: Burn it Up!,1
